Bank,Golongan,Group,Season,Month,Step,NFR
Left,1,Left_Golongan 1,MT-1,11,1,0.0
Left,1,Left_Golongan 1,MT-1,11,2,0.0
Left,1,Left_Golongan 1,MT-1,11,3,0.0
Left,1,Left_Golongan 1,MT-1,11,4,0.0
Left,1,Left_Golongan 1,MT-1,11,5,0.0
Left,1,Left_Golongan 1,MT-1,11,6,0.0
Left,1,Left_Golongan 1,MT-1,12,1,0.1763160040727873
Left,1,Left_Golongan 1,MT-1,12,2,0.4440267449943528
Left,1,Left_Golongan 1,MT-1,12,3,0.855899046271218
Left,1,Left_Golongan 1,MT-1,12,4,0.6406970206476408
Left,1,Left_Golongan 1,MT-1,12,5,0.8539415610572826
Left,1,Left_Golongan 1,MT-1,12,6,0.7592695916069211
Left,1,Left_Golongan 1,MT-1,1,1,0.2693287037037038
Left,1,Left_Golongan 1,MT-1,1,2,0.0
Left,1,Left_Golongan 1,MT-1,1,3,0.7386574074074074
Left,1,Left_Golongan 1,MT-1,1,4,0.6906828703703703
Left,1,Left_Golongan 1,MT-1,1,5,0.6530092592592592
Left,1,Left_Golongan 1,MT-1,1,6,0.7903356481481483
Left,1,Left_Golongan 1,MT-1,2,1,0.0
Left,1,Left_Golongan 1,MT-1,2,2,0.0
Left,1,Left_Golongan 1,MT-1,2,3,0.6252314814814816
Left,1,Left_Golongan 1,MT-1,2,4,0.5119405864197532
Left,1,Left_Golongan 1,MT-1,2,5,0.0
Left,1,Left_Golongan 1,MT-1,2,6,0.19845679012345674
Left,1,Left_Golongan 1,MT-1,3,1,0.256886574074074
Left,1,Left_Golongan 1,MT-1,3,2,0.035493827160493825
Left,1,Left_Golongan 1,MT-1,3,3,0.0
Left,1,Left_Golongan 1,MT-1,3,4,0.0
Left,1,Left_Golongan 1,MT-1,3,5,0.0
Left,1,Left_Golongan 1,MT-1,3,6,0.0
Left,1,Left_Golongan 1,MT-1,4,1,0.0
Left,1,Left_Golongan 1,MT-1,4,2,0.0
Left,1,Left_Golongan 1,MT-1,4,3,0.0
Left,1,Left_Golongan 1,MT-1,4,4,0.0
Left,1,Left_Golongan 1,MT-1,4,5,0.0
Left,1,Left_Golongan 1,MT-1,4,6,0.0
Left,1,Left_Golongan 1,MT-1,5,1,0.0
Left,1,Left_Golongan 1,MT-1,5,2,0.0
Left,1,Left_Golongan 1,MT-1,5,3,0.0
Left,1,Left_Golongan 1,MT-1,5,4,0.0
Left,1,Left_Golongan 1,MT-1,5,5,0.0
Left,1,Left_Golongan 1,MT-1,5,6,0.0
Left,1,Left_Golongan 1,MT-1,6,1,0.0
Left,1,Left_Golongan 1,MT-1,6,2,0.0
Left,1,Left_Golongan 1,MT-1,6,3,0.0
Left,1,Left_Golongan 1,MT-1,6,4,0.0
Left,1,Left_Golongan 1,MT-1,6,5,0.0
Left,1,Left_Golongan 1,MT-1,6,6,0.0
Left,1,Left_Golongan 1,MT-1,7,1,0.0
Left,1,Left_Golongan 1,MT-1,7,2,0.0
Left,1,Left_Golongan 1,MT-1,7,3,0.0
Left,1,Left_Golongan 1,MT-1,7,4,0.0
Left,1,Left_Golongan 1,MT-1,7,5,0.0
Left,1,Left_Golongan 1,MT-1,7,6,0.0
Left,1,Left_Golongan 1,MT-1,8,1,0.0
Left,1,Left_Golongan 1,MT-1,8,2,0.0
Left,1,Left_Golongan 1,MT-1,8,3,0.0
Left,1,Left_Golongan 1,MT-1,8,4,0.0
Left,1,Left_Golongan 1,MT-1,8,5,0.0
Left,1,Left_Golongan 1,MT-1,8,6,0.0
Left,1,Left_Golongan 1,MT-1,9,1,0.0
Left,1,Left_Golongan 1,MT-1,9,2,0.0
Left,1,Left_Golongan 1,MT-1,9,3,0.0
Left,1,Left_Golongan 1,MT-1,9,4,0.0
Left,1,Left_Golongan 1,MT-1,9,5,0.0
Left,1,Left_Golongan 1,MT-1,9,6,0.0
Left,1,Left_Golongan 1,MT-1,10,1,0.0
Left,1,Left_Golongan 1,MT-1,10,2,0.0
Left,1,Left_Golongan 1,MT-1,10,3,0.0
Left,1,Left_Golongan 1,MT-1,10,4,0.0
Left,1,Left_Golongan 1,MT-1,10,5,0.0
Left,1,Left_Golongan 1,MT-1,10,6,0.0
Left,2,Left_Golongan 2,MT-1,11,1,0.0
Left,2,Left_Golongan 2,MT-1,11,2,0.0
Left,2,Left_Golongan 2,MT-1,11,3,0.0
Left,2,Left_Golongan 2,MT-1,11,4,0.0
Left,2,Left_Golongan 2,MT-1,11,5,0.0
Left,2,Left_Golongan 2,MT-1,11,6,0.0
Left,2,Left_Golongan 2,MT-1,12,1,0.0
Left,2,Left_Golongan 2,MT-1,12,2,0.0
Left,2,Left_Golongan 2,MT-1,12,3,0.0
Left,2,Left_Golongan 2,MT-1,12,4,0.0
Left,2,Left_Golongan 2,MT-1,12,5,0.416210079575801
Left,2,Left_Golongan 2,MT-1,12,6,0.7488735896355779
Left,2,Left_Golongan 2,MT-1,1,1,1.265667897831787
Left,2,Left_Golongan 2,MT-1,1,2,0.5665003515971
Left,2,Left_Golongan 2,MT-1,1,3,1.2137341233734738
Left,2,Left_Golongan 2,MT-1,1,4,0.6399305555555556
Left,2,Left_Golongan 2,MT-1,1,5,0.6554398148148148
Left,2,Left_Golongan 2,MT-1,1,6,0.7311342592592592
Left,2,Left_Golongan 2,MT-1,2,1,0.04031635802469139
Left,2,Left_Golongan 2,MT-1,2,2,0.0
Left,2,Left_Golongan 2,MT-1,2,3,0.37060185185185185
Left,2,Left_Golongan 2,MT-1,2,4,0.4339699074074074
Left,2,Left_Golongan 2,MT-1,2,5,0.3389467592592593
Left,2,Left_Golongan 2,MT-1,2,6,0.7282407407407409
Left,2,Left_Golongan 2,MT-1,3,1,0.38697916666666665
Left,2,Left_Golongan 2,MT-1,3,2,0.5729166666666666
Left,2,Left_Golongan 2,MT-1,3,3,0.22704475308641978
Left,2,Left_Golongan 2,MT-1,3,4,0.438136574074074
Left,2,Left_Golongan 2,MT-1,3,5,0.26053240740740746
Left,2,Left_Golongan 2,MT-1,3,6,0.08485725308641974
Left,2,Left_Golongan 2,MT-1,4,1,0.0
Left,2,Left_Golongan 2,MT-1,4,2,0.08487654320987653
Left,2,Left_Golongan 2,MT-1,4,3,0.0
Left,2,Left_Golongan 2,MT-1,4,4,0.0
Left,2,Left_Golongan 2,MT-1,4,5,0.0
Left,2,Left_Golongan 2,MT-1,4,6,0.0
Left,2,Left_Golongan 2,MT-1,5,1,0.0
Left,2,Left_Golongan 2,MT-1,5,2,0.0
Left,2,Left_Golongan 2,MT-1,5,3,0.0
Left,2,Left_Golongan 2,MT-1,5,4,0.0
Left,2,Left_Golongan 2,MT-1,5,5,0.0
Left,2,Left_Golongan 2,MT-1,5,6,0.0
Left,2,Left_Golongan 2,MT-1,6,1,0.0
Left,2,Left_Golongan 2,MT-1,6,2,0.0
Left,2,Left_Golongan 2,MT-1,6,3,0.0
Left,2,Left_Golongan 2,MT-1,6,4,0.0
Left,2,Left_Golongan 2,MT-1,6,5,0.0
Left,2,Left_Golongan 2,MT-1,6,6,0.0
Left,2,Left_Golongan 2,MT-1,7,1,0.0
Left,2,Left_Golongan 2,MT-1,7,2,0.0
Left,2,Left_Golongan 2,MT-1,7,3,0.0
Left,2,Left_Golongan 2,MT-1,7,4,0.0
Left,2,Left_Golongan 2,MT-1,7,5,0.0
Left,2,Left_Golongan 2,MT-1,7,6,0.0
Left,2,Left_Golongan 2,MT-1,8,1,0.0
Left,2,Left_Golongan 2,MT-1,8,2,0.0
Left,2,Left_Golongan 2,MT-1,8,3,0.0
Left,2,Left_Golongan 2,MT-1,8,4,0.0
Left,2,Left_Golongan 2,MT-1,8,5,0.0
Left,2,Left_Golongan 2,MT-1,8,6,0.0
Left,2,Left_Golongan 2,MT-1,9,1,0.0
Left,2,Left_Golongan 2,MT-1,9,2,0.0
Left,2,Left_Golongan 2,MT-1,9,3,0.0
Left,2,Left_Golongan 2,MT-1,9,4,0.0
Left,2,Left_Golongan 2,MT-1,9,5,0.0
Left,2,Left_Golongan 2,MT-1,9,6,0.0
Left,2,Left_Golongan 2,MT-1,10,1,0.0
Left,2,Left_Golongan 2,MT-1,10,2,0.0
Left,2,Left_Golongan 2,MT-1,10,3,0.0
Left,2,Left_Golongan 2,MT-1,10,4,0.0
Left,2,Left_Golongan 2,MT-1,10,5,0.0
Left,2,Left_Golongan 2,MT-1,10,6,0.0
Left,3,Left_Golongan 3,MT-1,11,1,0.0
Left,3,Left_Golongan 3,MT-1,11,2,0.0
Left,3,Left_Golongan 3,MT-1,11,3,0.0
Left,3,Left_Golongan 3,MT-1,11,4,0.0
Left,3,Left_Golongan 3,MT-1,11,5,0.0
Left,3,Left_Golongan 3,MT-1,11,6,0.0
Left,3,Left_Golongan 3,MT-1,12,1,0.0
Left,3,Left_Golongan 3,MT-1,12,2,0.0
Left,3,Left_Golongan 3,MT-1,12,3,0.0
Left,3,Left_Golongan 3,MT-1,12,4,0.0
Left,3,Left_Golongan 3,MT-1,12,5,0.0
Left,3,Left_Golongan 3,MT-1,12,6,0.0
Left,3,Left_Golongan 3,MT-1,1,1,0.06364598652006069
Left,3,Left_Golongan 3,MT-1,1,2,0.1115620799921617
Left,3,Left_Golongan 3,MT-1,1,3,1.1439801478981988
Left,3,Left_Golongan 3,MT-1,1,4,1.4058356982566877
Left,3,Left_Golongan 3,MT-1,1,5,1.081322187488243
Left,3,Left_Golongan 3,MT-1,1,6,1.0517865206083172
Left,3,Left_Golongan 3,MT-1,2,1,0.27870370370370373
Left,3,Left_Golongan 3,MT-1,2,2,0.0
Left,3,Left_Golongan 3,MT-1,2,3,0.3581018518518519
Left,3,Left_Golongan 3,MT-1,2,4,0.32127700617283955
Left,3,Left_Golongan 3,MT-1,2,5,0.4388117283950618
Left,3,Left_Golongan 3,MT-1,2,6,0.5083333333333335
Left,3,Left_Golongan 3,MT-1,3,1,0.3785300925925926
Left,3,Left_Golongan 3,MT-1,3,2,0.6666666666666666
Left,3,Left_Golongan 3,MT-1,3,3,0.29687499999999994
Left,3,Left_Golongan 3,MT-1,3,4,0.6629822530864198
Left,3,Left_Golongan 3,MT-1,3,5,0.580883487654321
Left,3,Left_Golongan 3,MT-1,3,6,0.5041859567901233
Left,3,Left_Golongan 3,MT-1,4,1,0.34004629629629624
Left,3,Left_Golongan 3,MT-1,4,2,0.4754629629629629
Left,3,Left_Golongan 3,MT-1,4,3,0.3361882716049383
Left,3,Left_Golongan 3,MT-1,4,4,0.15046296296296297
Left,3,Left_Golongan 3,MT-1,4,5,0.0
Left,3,Left_Golongan 3,MT-1,4,6,0.0
Left,3,Left_Golongan 3,MT-1,5,1,0.0
Left,3,Left_Golongan 3,MT-1,5,2,0.0
Left,3,Left_Golongan 3,MT-1,5,3,0.0
Left,3,Left_Golongan 3,MT-1,5,4,0.0
Left,3,Left_Golongan 3,MT-1,5,5,0.0
Left,3,Left_Golongan 3,MT-1,5,6,0.0
Left,3,Left_Golongan 3,MT-1,6,1,0.0
Left,3,Left_Golongan 3,MT-1,6,2,0.0
Left,3,Left_Golongan 3,MT-1,6,3,0.0
Left,3,Left_Golongan 3,MT-1,6,4,0.0
Left,3,Left_Golongan 3,MT-1,6,5,0.0
Left,3,Left_Golongan 3,MT-1,6,6,0.0
Left,3,Left_Golongan 3,MT-1,7,1,0.0
Left,3,Left_Golongan 3,MT-1,7,2,0.0
Left,3,Left_Golongan 3,MT-1,7,3,0.0
Left,3,Left_Golongan 3,MT-1,7,4,0.0
Left,3,Left_Golongan 3,MT-1,7,5,0.0
Left,3,Left_Golongan 3,MT-1,7,6,0.0
Left,3,Left_Golongan 3,MT-1,8,1,0.0
Left,3,Left_Golongan 3,MT-1,8,2,0.0
Left,3,Left_Golongan 3,MT-1,8,3,0.0
Left,3,Left_Golongan 3,MT-1,8,4,0.0
Left,3,Left_Golongan 3,MT-1,8,5,0.0
Left,3,Left_Golongan 3,MT-1,8,6,0.0
Left,3,Left_Golongan 3,MT-1,9,1,0.0
Left,3,Left_Golongan 3,MT-1,9,2,0.0
Left,3,Left_Golongan 3,MT-1,9,3,0.0
Left,3,Left_Golongan 3,MT-1,9,4,0.0
Left,3,Left_Golongan 3,MT-1,9,5,0.0
Left,3,Left_Golongan 3,MT-1,9,6,0.0
Left,3,Left_Golongan 3,MT-1,10,1,0.0
Left,3,Left_Golongan 3,MT-1,10,2,0.0
Left,3,Left_Golongan 3,MT-1,10,3,0.0
Left,3,Left_Golongan 3,MT-1,10,4,0.0
Left,3,Left_Golongan 3,MT-1,10,5,0.0
Left,3,Left_Golongan 3,MT-1,10,6,0.0
Right,1,Right_Golongan 1,MT-1,11,1,0.0
Right,1,Right_Golongan 1,MT-1,11,2,0.0
Right,1,Right_Golongan 1,MT-1,11,3,0.0
Right,1,Right_Golongan 1,MT-1,11,4,0.0
Right,1,Right_Golongan 1,MT-1,11,5,0.0
Right,1,Right_Golongan 1,MT-1,11,6,0.0
Right,1,Right_Golongan 1,MT-1,12,1,0.09529748555426876
Right,1,Right_Golongan 1,MT-1,12,2,0.33986007832768605
Right,1,Right_Golongan 1,MT-1,12,3,0.8674731203452921
Right,1,Right_Golongan 1,MT-1,12,4,0.39764146509208526
Right,1,Right_Golongan 1,MT-1,12,5,0.9581082277239493
Right,1,Right_Golongan 1,MT-1,12,6,0.44676959160692103
Right,1,Right_Golongan 1,MT-1,1,1,0.1651620370370371
Right,1,Right_Golongan 1,MT-1,1,2,0.21770833333333325
Right,1,Right_Golongan 1,MT-1,1,3,0.5071759259259259
Right,1,Right_Golongan 1,MT-1,1,4,0.7832754629629629
Right,1,Right_Golongan 1,MT-1,1,5,0.6645833333333333
Right,1,Right_Golongan 1,MT-1,1,6,0.8482060185185186
Right,1,Right_Golongan 1,MT-1,2,1,0.0
Right,1,Right_Golongan 1,MT-1,2,2,0.0
Right,1,Right_Golongan 1,MT-1,2,3,0.5673611111111111
Right,1,Right_Golongan 1,MT-1,2,4,0.500366512345679
Right,1,Right_Golongan 1,MT-1,2,5,0.0
Right,1,Right_Golongan 1,MT-1,2,6,0.30262345679012337
Right,1,Right_Golongan 1,MT-1,3,1,0.21059027777777775
Right,1,Right_Golongan 1,MT-1,3,2,0.012345679012345656
Right,1,Right_Golongan 1,MT-1,3,3,0.0
Right,1,Right_Golongan 1,MT-1,3,4,0.0
Right,1,Right_Golongan 1,MT-1,3,5,0.0
Right,1,Right_Golongan 1,MT-1,3,6,0.0
Right,1,Right_Golongan 1,MT-1,4,1,0.0
Right,1,Right_Golongan 1,MT-1,4,2,0.0
Right,1,Right_Golongan 1,MT-1,4,3,0.0
Right,1,Right_Golongan 1,MT-1,4,4,0.0
Right,1,Right_Golongan 1,MT-1,4,5,0.0
Right,1,Right_Golongan 1,MT-1,4,6,0.0
Right,1,Right_Golongan 1,MT-1,5,1,0.0
Right,1,Right_Golongan 1,MT-1,5,2,0.0
Right,1,Right_Golongan 1,MT-1,5,3,0.0
Right,1,Right_Golongan 1,MT-1,5,4,0.0
Right,1,Right_Golongan 1,MT-1,5,5,0.0
Right,1,Right_Golongan 1,MT-1,5,6,0.0
Right,1,Right_Golongan 1,MT-1,6,1,0.0
Right,1,Right_Golongan 1,MT-1,6,2,0.0
Right,1,Right_Golongan 1,MT-1,6,3,0.0
Right,1,Right_Golongan 1,MT-1,6,4,0.0
Right,1,Right_Golongan 1,MT-1,6,5,0.0
Right,1,Right_Golongan 1,MT-1,6,6,0.0
Right,1,Right_Golongan 1,MT-1,7,1,0.0
Right,1,Right_Golongan 1,MT-1,7,2,0.0
Right,1,Right_Golongan 1,MT-1,7,3,0.0
Right,1,Right_Golongan 1,MT-1,7,4,0.0
Right,1,Right_Golongan 1,MT-1,7,5,0.0
Right,1,Right_Golongan 1,MT-1,7,6,0.0
Right,1,Right_Golongan 1,MT-1,8,1,0.0
Right,1,Right_Golongan 1,MT-1,8,2,0.0
Right,1,Right_Golongan 1,MT-1,8,3,0.0
Right,1,Right_Golongan 1,MT-1,8,4,0.0
Right,1,Right_Golongan 1,MT-1,8,5,0.0
Right,1,Right_Golongan 1,MT-1,8,6,0.0
Right,1,Right_Golongan 1,MT-1,9,1,0.0
Right,1,Right_Golongan 1,MT-1,9,2,0.0
Right,1,Right_Golongan 1,MT-1,9,3,0.0
Right,1,Right_Golongan 1,MT-1,9,4,0.0
Right,1,Right_Golongan 1,MT-1,9,5,0.0
Right,1,Right_Golongan 1,MT-1,9,6,0.0
Right,1,Right_Golongan 1,MT-1,10,1,0.0
Right,1,Right_Golongan 1,MT-1,10,2,0.0
Right,1,Right_Golongan 1,MT-1,10,3,0.0
Right,1,Right_Golongan 1,MT-1,10,4,0.0
Right,1,Right_Golongan 1,MT-1,10,5,0.0
Right,1,Right_Golongan 1,MT-1,10,6,0.0
Right,2,Right_Golongan 2,MT-1,11,1,0.0
Right,2,Right_Golongan 2,MT-1,11,2,0.0
Right,2,Right_Golongan 2,MT-1,11,3,0.0
Right,2,Right_Golongan 2,MT-1,11,4,0.0
Right,2,Right_Golongan 2,MT-1,11,5,0.0
Right,2,Right_Golongan 2,MT-1,11,6,0.0
Right,2,Right_Golongan 2,MT-1,12,1,0.0
Right,2,Right_Golongan 2,MT-1,12,2,0.0
Right,2,Right_Golongan 2,MT-1,12,3,0.0
Right,2,Right_Golongan 2,MT-1,12,4,0.0
Right,2,Right_Golongan 2,MT-1,12,5,0.2194508203165418
Right,2,Right_Golongan 2,MT-1,12,6,0.4826698859318742
Right,2,Right_Golongan 2,MT-1,1,1,0.7216864163503055
Right,2,Right_Golongan 2,MT-1,1,2,0.9947410923378409
Right,2,Right_Golongan 2,MT-1,1,3,0.9706785678179182
Right,2,Right_Golongan 2,MT-1,1,4,0.22326388888888893
Right,2,Right_Golongan 2,MT-1,1,5,0.31979166666666664
Right,2,Right_Golongan 2,MT-1,1,6,0.846875
Right,2,Right_Golongan 2,MT-1,2,1,0.12133487654320993
Right,2,Right_Golongan 2,MT-1,2,2,0.0
Right,2,Right_Golongan 2,MT-1,2,3,0.4284722222222222
Right,2,Right_Golongan 2,MT-1,2,4,0.4223958333333333
Right,2,Right_Golongan 2,MT-1,2,5,0.0
Right,2,Right_Golongan 2,MT-1,2,6,0.5777777777777778
Right,2,Right_Golongan 2,MT-1,3,1,0.4101273148148148
Right,2,Right_Golongan 2,MT-1,3,2,0.2372685185185185
Right,2,Right_Golongan 2,MT-1,3,3,0.19232253086419757
Right,2,Right_Golongan 2,MT-1,3,4,0.5191550925925926
Right,2,Right_Golongan 2,MT-1,3,5,0.341550925925926
Right,2,Right_Golongan 2,MT-1,3,6,0.08485725308641974
Right,2,Right_Golongan 2,MT-1,4,1,0.0
Right,2,Right_Golongan 2,MT-1,4,2,0.0
Right,2,Right_Golongan 2,MT-1,4,3,0.0
Right,2,Right_Golongan 2,MT-1,4,4,0.0
Right,2,Right_Golongan 2,MT-1,4,5,0.0
Right,2,Right_Golongan 2,MT-1,4,6,0.0
Right,2,Right_Golongan 2,MT-1,5,1,0.0
Right,2,Right_Golongan 2,MT-1,5,2,0.0
Right,2,Right_Golongan 2,MT-1,5,3,0.0
Right,2,Right_Golongan 2,MT-1,5,4,0.0
Right,2,Right_Golongan 2,MT-1,5,5,0.0
Right,2,Right_Golongan 2,MT-1,5,6,0.0
Right,2,Right_Golongan 2,MT-1,6,1,0.0
Right,2,Right_Golongan 2,MT-1,6,2,0.0
Right,2,Right_Golongan 2,MT-1,6,3,0.0
Right,2,Right_Golongan 2,MT-1,6,4,0.0
Right,2,Right_Golongan 2,MT-1,6,5,0.0
Right,2,Right_Golongan 2,MT-1,6,6,0.0
Right,2,Right_Golongan 2,MT-1,7,1,0.0
Right,2,Right_Golongan 2,MT-1,7,2,0.0
Right,2,Right_Golongan 2,MT-1,7,3,0.0
Right,2,Right_Golongan 2,MT-1,7,4,0.0
Right,2,Right_Golongan 2,MT-1,7,5,0.0
Right,2,Right_Golongan 2,MT-1,7,6,0.0
Right,2,Right_Golongan 2,MT-1,8,1,0.0
Right,2,Right_Golongan 2,MT-1,8,2,0.0
Right,2,Right_Golongan 2,MT-1,8,3,0.0
Right,2,Right_Golongan 2,MT-1,8,4,0.0
Right,2,Right_Golongan 2,MT-1,8,5,0.0
Right,2,Right_Golongan 2,MT-1,8,6,0.0
Right,2,Right_Golongan 2,MT-1,9,1,0.0
Right,2,Right_Golongan 2,MT-1,9,2,0.0
Right,2,Right_Golongan 2,MT-1,9,3,0.0
Right,2,Right_Golongan 2,MT-1,9,4,0.0
Right,2,Right_Golongan 2,MT-1,9,5,0.0
Right,2,Right_Golongan 2,MT-1,9,6,0.0
Right,2,Right_Golongan 2,MT-1,10,1,0.0
Right,2,Right_Golongan 2,MT-1,10,2,0.0
Right,2,Right_Golongan 2,MT-1,10,3,0.0
Right,2,Right_Golongan 2,MT-1,10,4,0.0
Right,2,Right_Golongan 2,MT-1,10,5,0.0
Right,2,Right_Golongan 2,MT-1,10,6,0.0
Right,3,Right_Golongan 3,MT-1,11,1,0.0
Right,3,Right_Golongan 3,MT-1,11,2,0.0
Right,3,Right_Golongan 3,MT-1,11,3,0.0
Right,3,Right_Golongan 3,MT-1,11,4,0.0
Right,3,Right_Golongan 3,MT-1,11,5,0.0
Right,3,Right_Golongan 3,MT-1,11,6,0.0
Right,3,Right_Golongan 3,MT-1,12,1,0.0
Right,3,Right_Golongan 3,MT-1,12,2,0.0
Right,3,Right_Golongan 3,MT-1,12,3,0.0
Right,3,Right_Golongan 3,MT-1,12,4,0.0
Right,3,Right_Golongan 3,MT-1,12,5,0.0
Right,3,Right_Golongan 3,MT-1,12,6,0.0
Right,3,Right_Golongan 3,MT-1,1,1,0.0
Right,3,Right_Golongan 3,MT-1,1,2,0.29674726517734684
Right,3,Right_Golongan 3,MT-1,1,3,1.0745357034537544
Right,3,Right_Golongan 3,MT-1,1,4,1.151206068627058
Right,3,Right_Golongan 3,MT-1,1,5,1.081322187488243
Right,3,Right_Golongan 3,MT-1,1,6,1.20224948357128
Right,3,Right_Golongan 3,MT-1,2,1,0.22083333333333338
Right,3,Right_Golongan 3,MT-1,2,2,0.0
Right,3,Right_Golongan 3,MT-1,2,3,0.41597222222222224
Right,3,Right_Golongan 3,MT-1,2,4,0.552758487654321
Right,3,Right_Golongan 3,MT-1,2,5,0.03371913580246912
Right,3,Right_Golongan 3,MT-1,2,6,0.6125
Right,3,Right_Golongan 3,MT-1,3,1,0.4711226851851853
Right,3,Right_Golongan 3,MT-1,3,2,0.5277777777777777
Right,3,Right_Golongan 3,MT-1,3,3,0.3778935185185185
Right,3,Right_Golongan 3,MT-1,3,4,0.7440007716049382
Right,3,Right_Golongan 3,MT-1,3,5,0.7197723765432099
Right,3,Right_Golongan 3,MT-1,3,6,0.4000192901234567
Right,3,Right_Golongan 3,MT-1,4,1,0.10856481481481468
Right,3,Right_Golongan 3,MT-1,4,2,0.17453703703703705
Right,3,Right_Golongan 3,MT-1,4,3,0.0121141975308642
Right,3,Right_Golongan 3,MT-1,4,4,0.0
Right,3,Right_Golongan 3,MT-1,4,5,0.0
Right,3,Right_Golongan 3,MT-1,4,6,0.0
Right,3,Right_Golongan 3,MT-1,5,1,0.0
Right,3,Right_Golongan 3,MT-1,5,2,0.0
Right,3,Right_Golongan 3,MT-1,5,3,0.0
Right,3,Right_Golongan 3,MT-1,5,4,0.0
Right,3,Right_Golongan 3,MT-1,5,5,0.0
Right,3,Right_Golongan 3,MT-1,5,6,0.0
Right,3,Right_Golongan 3,MT-1,6,1,0.0
Right,3,Right_Golongan 3,MT-1,6,2,0.0
Right,3,Right_Golongan 3,MT-1,6,3,0.0
Right,3,Right_Golongan 3,MT-1,6,4,0.0
Right,3,Right_Golongan 3,MT-1,6,5,0.0
Right,3,Right_Golongan 3,MT-1,6,6,0.0
Right,3,Right_Golongan 3,MT-1,7,1,0.0
Right,3,Right_Golongan 3,MT-1,7,2,0.0
Right,3,Right_Golongan 3,MT-1,7,3,0.0
Right,3,Right_Golongan 3,MT-1,7,4,0.0
Right,3,Right_Golongan 3,MT-1,7,5,0.0
Right,3,Right_Golongan 3,MT-1,7,6,0.0
Right,3,Right_Golongan 3,MT-1,8,1,0.0
Right,3,Right_Golongan 3,MT-1,8,2,0.0
Right,3,Right_Golongan 3,MT-1,8,3,0.0
Right,3,Right_Golongan 3,MT-1,8,4,0.0
Right,3,Right_Golongan 3,MT-1,8,5,0.0
Right,3,Right_Golongan 3,MT-1,8,6,0.0
Right,3,Right_Golongan 3,MT-1,9,1,0.0
Right,3,Right_Golongan 3,MT-1,9,2,0.0
Right,3,Right_Golongan 3,MT-1,9,3,0.0
Right,3,Right_Golongan 3,MT-1,9,4,0.0
Right,3,Right_Golongan 3,MT-1,9,5,0.0
Right,3,Right_Golongan 3,MT-1,9,6,0.0
Right,3,Right_Golongan 3,MT-1,10,1,0.0
Right,3,Right_Golongan 3,MT-1,10,2,0.0
Right,3,Right_Golongan 3,MT-1,10,3,0.0
Right,3,Right_Golongan 3,MT-1,10,4,0.0
Right,3,Right_Golongan 3,MT-1,10,5,0.0
Right,3,Right_Golongan 3,MT-1,10,6,0.0
Left,1,Left_Golongan 1,MT-2,11,1,0.0
Left,1,Left_Golongan 1,MT-2,11,2,0.0
Left,1,Left_Golongan 1,MT-2,11,3,0.0
Left,1,Left_Golongan 1,MT-2,11,4,0.0
Left,1,Left_Golongan 1,MT-2,11,5,0.0
Left,1,Left_Golongan 1,MT-2,11,6,0.0
Left,1,Left_Golongan 1,MT-2,12,1,0.0
Left,1,Left_Golongan 1,MT-2,12,2,0.0
Left,1,Left_Golongan 1,MT-2,12,3,0.0
Left,1,Left_Golongan 1,MT-2,12,4,0.0
Left,1,Left_Golongan 1,MT-2,12,5,0.0
Left,1,Left_Golongan 1,MT-2,12,6,0.0
Left,1,Left_Golongan 1,MT-2,1,1,0.0
Left,1,Left_Golongan 1,MT-2,1,2,0.0
Left,1,Left_Golongan 1,MT-2,1,3,0.0
Left,1,Left_Golongan 1,MT-2,1,4,0.0
Left,1,Left_Golongan 1,MT-2,1,5,0.0
Left,1,Left_Golongan 1,MT-2,1,6,0.0
Left,1,Left_Golongan 1,MT-2,2,1,0.0
Left,1,Left_Golongan 1,MT-2,2,2,0.0
Left,1,Left_Golongan 1,MT-2,2,3,0.0
Left,1,Left_Golongan 1,MT-2,2,4,0.0
Left,1,Left_Golongan 1,MT-2,2,5,0.0
Left,1,Left_Golongan 1,MT-2,2,6,0.0
Left,1,Left_Golongan 1,MT-2,3,1,0.0
Left,1,Left_Golongan 1,MT-2,3,2,0.0
Left,1,Left_Golongan 1,MT-2,3,3,0.0
Left,1,Left_Golongan 1,MT-2,3,4,0.0
Left,1,Left_Golongan 1,MT-2,3,5,0.0
Left,1,Left_Golongan 1,MT-2,3,6,0.0
Left,1,Left_Golongan 1,MT-2,4,1,0.0
Left,1,Left_Golongan 1,MT-2,4,2,0.0
Left,1,Left_Golongan 1,MT-2,4,3,0.0
Left,1,Left_Golongan 1,MT-2,4,4,0.0
Left,1,Left_Golongan 1,MT-2,4,5,0.0
Left,1,Left_Golongan 1,MT-2,4,6,0.0
Left,1,Left_Golongan 1,MT-2,5,1,0.0
Left,1,Left_Golongan 1,MT-2,5,2,0.0
Left,1,Left_Golongan 1,MT-2,5,3,0.0
Left,1,Left_Golongan 1,MT-2,5,4,0.46273466941753016
Left,1,Left_Golongan 1,MT-2,5,5,0.563103832880785
Left,1,Left_Golongan 1,MT-2,5,6,1.3842147525711328
Left,1,Left_Golongan 1,MT-2,6,1,1.5775817840471735
Left,1,Left_Golongan 1,MT-2,6,2,1.4601739144633072
Left,1,Left_Golongan 1,MT-2,6,3,1.3271298345747053
Left,1,Left_Golongan 1,MT-2,6,4,0.9173611111111112
Left,1,Left_Golongan 1,MT-2,6,5,0.9238425925925926
Left,1,Left_Golongan 1,MT-2,6,6,0.9454861111111111
Left,1,Left_Golongan 1,MT-2,7,1,0.9601658950617286
Left,1,Left_Golongan 1,MT-2,7,2,0.9618055555555554
Left,1,Left_Golongan 1,MT-2,7,3,0.9315393518518519
Left,1,Left_Golongan 1,MT-2,7,4,0.9497685185185185
Left,1,Left_Golongan 1,MT-2,7,5,0.9400462962962963
Left,1,Left_Golongan 1,MT-2,7,6,0.9971643518518519
Left,1,Left_Golongan 1,MT-2,8,1,1.0578317901234568
Left,1,Left_Golongan 1,MT-2,8,2,0.9225694444444444
Left,1,Left_Golongan 1,MT-2,8,3,0.8258873456790123
Left,1,Left_Golongan 1,MT-2,8,4,0.603125
Left,1,Left_Golongan 1,MT-2,8,5,0.41950231481481487
Left,1,Left_Golongan 1,MT-2,8,6,0.23148148148148148
Left,1,Left_Golongan 1,MT-2,9,1,0.15432098765432098
Left,1,Left_Golongan 1,MT-2,9,2,0.07716049382716049
Left,1,Left_Golongan 1,MT-2,9,3,0.0
Left,1,Left_Golongan 1,MT-2,9,4,0.0
Left,1,Left_Golongan 1,MT-2,9,5,0.0
Left,1,Left_Golongan 1,MT-2,9,6,0.0
Left,1,Left_Golongan 1,MT-2,10,1,0.0
Left,1,Left_Golongan 1,MT-2,10,2,0.0
Left,1,Left_Golongan 1,MT-2,10,3,0.0
Left,1,Left_Golongan 1,MT-2,10,4,0.0
Left,1,Left_Golongan 1,MT-2,10,5,0.0
Left,1,Left_Golongan 1,MT-2,10,6,0.0
Left,2,Left_Golongan 2,MT-2,11,1,0.0
Left,2,Left_Golongan 2,MT-2,11,2,0.0
Left,2,Left_Golongan 2,MT-2,11,3,0.0
Left,2,Left_Golongan 2,MT-2,11,4,0.0
Left,2,Left_Golongan 2,MT-2,11,5,0.0
Left,2,Left_Golongan 2,MT-2,11,6,0.0
Left,2,Left_Golongan 2,MT-2,12,1,0.0
Left,2,Left_Golongan 2,MT-2,12,2,0.0
Left,2,Left_Golongan 2,MT-2,12,3,0.0
Left,2,Left_Golongan 2,MT-2,12,4,0.0
Left,2,Left_Golongan 2,MT-2,12,5,0.0
Left,2,Left_Golongan 2,MT-2,12,6,0.0
Left,2,Left_Golongan 2,MT-2,1,1,0.0
Left,2,Left_Golongan 2,MT-2,1,2,0.0
Left,2,Left_Golongan 2,MT-2,1,3,0.0
Left,2,Left_Golongan 2,MT-2,1,4,0.0
Left,2,Left_Golongan 2,MT-2,1,5,0.0
Left,2,Left_Golongan 2,MT-2,1,6,0.0
Left,2,Left_Golongan 2,MT-2,2,1,0.0
Left,2,Left_Golongan 2,MT-2,2,2,0.0
Left,2,Left_Golongan 2,MT-2,2,3,0.0
Left,2,Left_Golongan 2,MT-2,2,4,0.0
Left,2,Left_Golongan 2,MT-2,2,5,0.0
Left,2,Left_Golongan 2,MT-2,2,6,0.0
Left,2,Left_Golongan 2,MT-2,3,1,0.0
Left,2,Left_Golongan 2,MT-2,3,2,0.0
Left,2,Left_Golongan 2,MT-2,3,3,0.0
Left,2,Left_Golongan 2,MT-2,3,4,0.0
Left,2,Left_Golongan 2,MT-2,3,5,0.0
Left,2,Left_Golongan 2,MT-2,3,6,0.0
Left,2,Left_Golongan 2,MT-2,4,1,0.0
Left,2,Left_Golongan 2,MT-2,4,2,0.0
Left,2,Left_Golongan 2,MT-2,4,3,0.0
Left,2,Left_Golongan 2,MT-2,4,4,0.0
Left,2,Left_Golongan 2,MT-2,4,5,0.0
Left,2,Left_Golongan 2,MT-2,4,6,0.0
Left,2,Left_Golongan 2,MT-2,5,1,0.0
Left,2,Left_Golongan 2,MT-2,5,2,0.0
Left,2,Left_Golongan 2,MT-2,5,3,0.0
Left,2,Left_Golongan 2,MT-2,5,4,0.0
Left,2,Left_Golongan 2,MT-2,5,5,0.0
Left,2,Left_Golongan 2,MT-2,5,6,0.0
Left,2,Left_Golongan 2,MT-2,6,1,0.39665534776881095
Left,2,Left_Golongan 2,MT-2,6,2,0.9138004576731839
Left,2,Left_Golongan 2,MT-2,6,3,1.380232096316709
Left,2,Left_Golongan 2,MT-2,6,4,1.6122828584488054
Left,2,Left_Golongan 2,MT-2,6,5,1.4684404689691695
Left,2,Left_Golongan 2,MT-2,6,6,1.3440579823433252
Left,2,Left_Golongan 2,MT-2,7,1,0.9684027777777778
Left,2,Left_Golongan 2,MT-2,7,2,0.978587962962963
Left,2,Left_Golongan 2,MT-2,7,3,0.9556712962962964
Left,2,Left_Golongan 2,MT-2,7,4,0.9664351851851853
Left,2,Left_Golongan 2,MT-2,7,5,0.9482253086419754
Left,2,Left_Golongan 2,MT-2,7,6,0.9971643518518519
Left,2,Left_Golongan 2,MT-2,8,1,1.0785879629629629
Left,2,Left_Golongan 2,MT-2,8,2,1.0251157407407407
Left,2,Left_Golongan 2,MT-2,8,3,1.0105324074074076
Left,2,Left_Golongan 2,MT-2,8,4,1.0213541666666668
Left,2,Left_Golongan 2,MT-2,8,5,0.9441936728395061
Left,2,Left_Golongan 2,MT-2,8,6,0.8599729938271605
Left,2,Left_Golongan 2,MT-2,9,1,0.6500385802469136
Left,2,Left_Golongan 2,MT-2,9,2,0.4396604938271605
Left,2,Left_Golongan 2,MT-2,9,3,0.23148148148148148
Left,2,Left_Golongan 2,MT-2,9,4,0.15432098765432098
Left,2,Left_Golongan 2,MT-2,9,5,0.07716049382716049
Left,2,Left_Golongan 2,MT-2,9,6,0.0
Left,2,Left_Golongan 2,MT-2,10,1,0.0
Left,2,Left_Golongan 2,MT-2,10,2,0.0
Left,2,Left_Golongan 2,MT-2,10,3,0.0
Left,2,Left_Golongan 2,MT-2,10,4,0.0
Left,2,Left_Golongan 2,MT-2,10,5,0.0
Left,2,Left_Golongan 2,MT-2,10,6,0.0
Left,3,Left_Golongan 3,MT-2,11,1,0.0
Left,3,Left_Golongan 3,MT-2,11,2,0.0
Left,3,Left_Golongan 3,MT-2,11,3,0.0
Left,3,Left_Golongan 3,MT-2,11,4,0.0
Left,3,Left_Golongan 3,MT-2,11,5,0.0
Left,3,Left_Golongan 3,MT-2,11,6,0.0
Left,3,Left_Golongan 3,MT-2,12,1,0.0
Left,3,Left_Golongan 3,MT-2,12,2,0.0
Left,3,Left_Golongan 3,MT-2,12,3,0.0
Left,3,Left_Golongan 3,MT-2,12,4,0.0
Left,3,Left_Golongan 3,MT-2,12,5,0.0
Left,3,Left_Golongan 3,MT-2,12,6,0.0
Left,3,Left_Golongan 3,MT-2,1,1,0.0
Left,3,Left_Golongan 3,MT-2,1,2,0.0
Left,3,Left_Golongan 3,MT-2,1,3,0.0
Left,3,Left_Golongan 3,MT-2,1,4,0.0
Left,3,Left_Golongan 3,MT-2,1,5,0.0
Left,3,Left_Golongan 3,MT-2,1,6,0.0
Left,3,Left_Golongan 3,MT-2,2,1,0.0
Left,3,Left_Golongan 3,MT-2,2,2,0.0
Left,3,Left_Golongan 3,MT-2,2,3,0.0
Left,3,Left_Golongan 3,MT-2,2,4,0.0
Left,3,Left_Golongan 3,MT-2,2,5,0.0
Left,3,Left_Golongan 3,MT-2,2,6,0.0
Left,3,Left_Golongan 3,MT-2,3,1,0.0
Left,3,Left_Golongan 3,MT-2,3,2,0.0
Left,3,Left_Golongan 3,MT-2,3,3,0.0
Left,3,Left_Golongan 3,MT-2,3,4,0.0
Left,3,Left_Golongan 3,MT-2,3,5,0.0
Left,3,Left_Golongan 3,MT-2,3,6,0.0
Left,3,Left_Golongan 3,MT-2,4,1,0.0
Left,3,Left_Golongan 3,MT-2,4,2,0.0
Left,3,Left_Golongan 3,MT-2,4,3,0.0
Left,3,Left_Golongan 3,MT-2,4,4,0.0
Left,3,Left_Golongan 3,MT-2,4,5,0.0
Left,3,Left_Golongan 3,MT-2,4,6,0.0
Left,3,Left_Golongan 3,MT-2,5,1,0.0
Left,3,Left_Golongan 3,MT-2,5,2,0.0
Left,3,Left_Golongan 3,MT-2,5,3,0.0
Left,3,Left_Golongan 3,MT-2,5,4,0.0
Left,3,Left_Golongan 3,MT-2,5,5,0.0
Left,3,Left_Golongan 3,MT-2,5,6,0.0
Left,3,Left_Golongan 3,MT-2,6,1,0.0
Left,3,Left_Golongan 3,MT-2,6,2,0.0
Left,3,Left_Golongan 3,MT-2,6,3,0.0
Left,3,Left_Golongan 3,MT-2,6,4,0.44797288697264703
Left,3,Left_Golongan 3,MT-2,6,5,0.8938262714383053
Left,3,Left_Golongan 3,MT-2,6,6,1.3890026507336792
Left,3,Left_Golongan 3,MT-2,7,1,1.6617951619223208
Left,3,Left_Golongan 3,MT-2,7,2,1.5278694564868702
Left,3,Left_Golongan 3,MT-2,7,3,1.356376043184319
Left,3,Left_Golongan 3,MT-2,7,4,0.9747685185185186
Left,3,Left_Golongan 3,MT-2,7,5,0.9645833333333333
Left,3,Left_Golongan 3,MT-2,7,6,1.0244212962962962
Left,3,Left_Golongan 3,MT-2,8,1,1.0993441358024694
Left,3,Left_Golongan 3,MT-2,8,2,1.034645061728395
Left,3,Left_Golongan 3,MT-2,8,3,1.0105324074074076
Left,3,Left_Golongan 3,MT-2,8,4,1.040914351851852
Left,3,Left_Golongan 3,MT-2,8,5,1.0482060185185185
Left,3,Left_Golongan 3,MT-2,8,6,1.0482060185185185
Left,3,Left_Golongan 3,MT-2,9,1,1.0966628086419754
Left,3,Left_Golongan 3,MT-2,9,2,1.00679012345679
Left,3,Left_Golongan 3,MT-2,9,3,0.9435378086419752
Left,3,Left_Golongan 3,MT-2,9,4,0.6522376543209877
Left,3,Left_Golongan 3,MT-2,9,5,0.44405864197530864
Left,3,Left_Golongan 3,MT-2,9,6,0.23148148148148148
Left,3,Left_Golongan 3,MT-2,10,1,0.15432098765432098
Left,3,Left_Golongan 3,MT-2,10,2,0.07716049382716049
Left,3,Left_Golongan 3,MT-2,10,3,0.0
Left,3,Left_Golongan 3,MT-2,10,4,0.0
Left,3,Left_Golongan 3,MT-2,10,5,0.0
Left,3,Left_Golongan 3,MT-2,10,6,0.0
Right,1,Right_Golongan 1,MT-2,11,1,0.0
Right,1,Right_Golongan 1,MT-2,11,2,0.0
Right,1,Right_Golongan 1,MT-2,11,3,0.0
Right,1,Right_Golongan 1,MT-2,11,4,0.0
Right,1,Right_Golongan 1,MT-2,11,5,0.0
Right,1,Right_Golongan 1,MT-2,11,6,0.0
Right,1,Right_Golongan 1,MT-2,12,1,0.0
Right,1,Right_Golongan 1,MT-2,12,2,0.0
Right,1,Right_Golongan 1,MT-2,12,3,0.0
Right,1,Right_Golongan 1,MT-2,12,4,0.0
Right,1,Right_Golongan 1,MT-2,12,5,0.0
Right,1,Right_Golongan 1,MT-2,12,6,0.0
Right,1,Right_Golongan 1,MT-2,1,1,0.0
Right,1,Right_Golongan 1,MT-2,1,2,0.0
Right,1,Right_Golongan 1,MT-2,1,3,0.0
Right,1,Right_Golongan 1,MT-2,1,4,0.0
Right,1,Right_Golongan 1,MT-2,1,5,0.0
Right,1,Right_Golongan 1,MT-2,1,6,0.0
Right,1,Right_Golongan 1,MT-2,2,1,0.0
Right,1,Right_Golongan 1,MT-2,2,2,0.0
Right,1,Right_Golongan 1,MT-2,2,3,0.0
Right,1,Right_Golongan 1,MT-2,2,4,0.0
Right,1,Right_Golongan 1,MT-2,2,5,0.0
Right,1,Right_Golongan 1,MT-2,2,6,0.0
Right,1,Right_Golongan 1,MT-2,3,1,0.0
Right,1,Right_Golongan 1,MT-2,3,2,0.0
Right,1,Right_Golongan 1,MT-2,3,3,0.0
Right,1,Right_Golongan 1,MT-2,3,4,0.0
Right,1,Right_Golongan 1,MT-2,3,5,0.0
Right,1,Right_Golongan 1,MT-2,3,6,0.0
Right,1,Right_Golongan 1,MT-2,4,1,0.0
Right,1,Right_Golongan 1,MT-2,4,2,0.0
Right,1,Right_Golongan 1,MT-2,4,3,0.0
Right,1,Right_Golongan 1,MT-2,4,4,0.0
Right,1,Right_Golongan 1,MT-2,4,5,0.0
Right,1,Right_Golongan 1,MT-2,4,6,0.0
Right,1,Right_Golongan 1,MT-2,5,1,0.0
Right,1,Right_Golongan 1,MT-2,5,2,0.0
Right,1,Right_Golongan 1,MT-2,5,3,0.0
Right,1,Right_Golongan 1,MT-2,5,4,0.46273466941753016
Right,1,Right_Golongan 1,MT-2,5,5,0.6209742032511554
Right,1,Right_Golongan 1,MT-2,5,6,1.3726406784970588
Right,1,Right_Golongan 1,MT-2,6,1,1.6007299321953217
Right,1,Right_Golongan 1,MT-2,6,2,1.4601739144633072
Right,1,Right_Golongan 1,MT-2,6,3,1.3271298345747053
Right,1,Right_Golongan 1,MT-2,6,4,0.9173611111111112
Right,1,Right_Golongan 1,MT-2,6,5,0.9238425925925926
Right,1,Right_Golongan 1,MT-2,6,6,0.9454861111111111
Right,1,Right_Golongan 1,MT-2,7,1,0.9601658950617286
Right,1,Right_Golongan 1,MT-2,7,2,0.9502314814814814
Right,1,Right_Golongan 1,MT-2,7,3,0.9315393518518519
Right,1,Right_Golongan 1,MT-2,7,4,0.9497685185185185
Right,1,Right_Golongan 1,MT-2,7,5,0.9400462962962963
Right,1,Right_Golongan 1,MT-2,7,6,0.9971643518518519
Right,1,Right_Golongan 1,MT-2,8,1,1.0578317901234568
Right,1,Right_Golongan 1,MT-2,8,2,0.9225694444444444
Right,1,Right_Golongan 1,MT-2,8,3,0.8258873456790123
Right,1,Right_Golongan 1,MT-2,8,4,0.603125
Right,1,Right_Golongan 1,MT-2,8,5,0.41950231481481487
Right,1,Right_Golongan 1,MT-2,8,6,0.23148148148148148
Right,1,Right_Golongan 1,MT-2,9,1,0.15432098765432098
Right,1,Right_Golongan 1,MT-2,9,2,0.07716049382716049
Right,1,Right_Golongan 1,MT-2,9,3,0.0
Right,1,Right_Golongan 1,MT-2,9,4,0.0
Right,1,Right_Golongan 1,MT-2,9,5,0.0
Right,1,Right_Golongan 1,MT-2,9,6,0.0
Right,1,Right_Golongan 1,MT-2,10,1,0.0
Right,1,Right_Golongan 1,MT-2,10,2,0.0
Right,1,Right_Golongan 1,MT-2,10,3,0.0
Right,1,Right_Golongan 1,MT-2,10,4,0.0
Right,1,Right_Golongan 1,MT-2,10,5,0.0
Right,1,Right_Golongan 1,MT-2,10,6,0.0
Right,2,Right_Golongan 2,MT-2,11,1,0.0
Right,2,Right_Golongan 2,MT-2,11,2,0.0
Right,2,Right_Golongan 2,MT-2,11,3,0.0
Right,2,Right_Golongan 2,MT-2,11,4,0.0
Right,2,Right_Golongan 2,MT-2,11,5,0.0
Right,2,Right_Golongan 2,MT-2,11,6,0.0
Right,2,Right_Golongan 2,MT-2,12,1,0.0
Right,2,Right_Golongan 2,MT-2,12,2,0.0
Right,2,Right_Golongan 2,MT-2,12,3,0.0
Right,2,Right_Golongan 2,MT-2,12,4,0.0
Right,2,Right_Golongan 2,MT-2,12,5,0.0
Right,2,Right_Golongan 2,MT-2,12,6,0.0
Right,2,Right_Golongan 2,MT-2,1,1,0.0
Right,2,Right_Golongan 2,MT-2,1,2,0.0
Right,2,Right_Golongan 2,MT-2,1,3,0.0
Right,2,Right_Golongan 2,MT-2,1,4,0.0
Right,2,Right_Golongan 2,MT-2,1,5,0.0
Right,2,Right_Golongan 2,MT-2,1,6,0.0
Right,2,Right_Golongan 2,MT-2,2,1,0.0
Right,2,Right_Golongan 2,MT-2,2,2,0.0
Right,2,Right_Golongan 2,MT-2,2,3,0.0
Right,2,Right_Golongan 2,MT-2,2,4,0.0
Right,2,Right_Golongan 2,MT-2,2,5,0.0
Right,2,Right_Golongan 2,MT-2,2,6,0.0
Right,2,Right_Golongan 2,MT-2,3,1,0.0
Right,2,Right_Golongan 2,MT-2,3,2,0.0
Right,2,Right_Golongan 2,MT-2,3,3,0.0
Right,2,Right_Golongan 2,MT-2,3,4,0.0
Right,2,Right_Golongan 2,MT-2,3,5,0.0
Right,2,Right_Golongan 2,MT-2,3,6,0.0
Right,2,Right_Golongan 2,MT-2,4,1,0.0
Right,2,Right_Golongan 2,MT-2,4,2,0.0
Right,2,Right_Golongan 2,MT-2,4,3,0.0
Right,2,Right_Golongan 2,MT-2,4,4,0.0
Right,2,Right_Golongan 2,MT-2,4,5,0.0
Right,2,Right_Golongan 2,MT-2,4,6,0.0
Right,2,Right_Golongan 2,MT-2,5,1,0.0
Right,2,Right_Golongan 2,MT-2,5,2,0.0
Right,2,Right_Golongan 2,MT-2,5,3,0.0
Right,2,Right_Golongan 2,MT-2,5,4,0.0
Right,2,Right_Golongan 2,MT-2,5,5,0.0
Right,2,Right_Golongan 2,MT-2,5,6,0.0
Right,2,Right_Golongan 2,MT-2,6,1,0.4545257181391813
Right,2,Right_Golongan 2,MT-2,6,2,0.9138004576731839
Right,2,Right_Golongan 2,MT-2,6,3,1.380232096316709
Right,2,Right_Golongan 2,MT-2,6,4,1.6238569325228793
Right,2,Right_Golongan 2,MT-2,6,5,1.4568663948950955
Right,2,Right_Golongan 2,MT-2,6,6,1.3440579823433252
Right,2,Right_Golongan 2,MT-2,7,1,0.9684027777777778
Right,2,Right_Golongan 2,MT-2,7,2,0.967013888888889
Right,2,Right_Golongan 2,MT-2,7,3,0.9556712962962964
Right,2,Right_Golongan 2,MT-2,7,4,0.9664351851851853
Right,2,Right_Golongan 2,MT-2,7,5,0.9482253086419754
Right,2,Right_Golongan 2,MT-2,7,6,0.9971643518518519
Right,2,Right_Golongan 2,MT-2,8,1,1.0785879629629629
Right,2,Right_Golongan 2,MT-2,8,2,1.0251157407407407
Right,2,Right_Golongan 2,MT-2,8,3,1.0105324074074076
Right,2,Right_Golongan 2,MT-2,8,4,1.0213541666666668
Right,2,Right_Golongan 2,MT-2,8,5,0.9441936728395061
Right,2,Right_Golongan 2,MT-2,8,6,0.8599729938271605
Right,2,Right_Golongan 2,MT-2,9,1,0.6500385802469136
Right,2,Right_Golongan 2,MT-2,9,2,0.4396604938271605
Right,2,Right_Golongan 2,MT-2,9,3,0.23148148148148148
Right,2,Right_Golongan 2,MT-2,9,4,0.15432098765432098
Right,2,Right_Golongan 2,MT-2,9,5,0.07716049382716049
Right,2,Right_Golongan 2,MT-2,9,6,0.0
Right,2,Right_Golongan 2,MT-2,10,1,0.0
Right,2,Right_Golongan 2,MT-2,10,2,0.0
Right,2,Right_Golongan 2,MT-2,10,3,0.0
Right,2,Right_Golongan 2,MT-2,10,4,0.0
Right,2,Right_Golongan 2,MT-2,10,5,0.0
Right,2,Right_Golongan 2,MT-2,10,6,0.0
Right,3,Right_Golongan 3,MT-2,11,1,0.0
Right,3,Right_Golongan 3,MT-2,11,2,0.0
Right,3,Right_Golongan 3,MT-2,11,3,0.0
Right,3,Right_Golongan 3,MT-2,11,4,0.0
Right,3,Right_Golongan 3,MT-2,11,5,0.0
Right,3,Right_Golongan 3,MT-2,11,6,0.0
Right,3,Right_Golongan 3,MT-2,12,1,0.0
Right,3,Right_Golongan 3,MT-2,12,2,0.0
Right,3,Right_Golongan 3,MT-2,12,3,0.0
Right,3,Right_Golongan 3,MT-2,12,4,0.0
Right,3,Right_Golongan 3,MT-2,12,5,0.0
Right,3,Right_Golongan 3,MT-2,12,6,0.0
Right,3,Right_Golongan 3,MT-2,1,1,0.0
Right,3,Right_Golongan 3,MT-2,1,2,0.0
Right,3,Right_Golongan 3,MT-2,1,3,0.0
Right,3,Right_Golongan 3,MT-2,1,4,0.0
Right,3,Right_Golongan 3,MT-2,1,5,0.0
Right,3,Right_Golongan 3,MT-2,1,6,0.0
Right,3,Right_Golongan 3,MT-2,2,1,0.0
Right,3,Right_Golongan 3,MT-2,2,2,0.0
Right,3,Right_Golongan 3,MT-2,2,3,0.0
Right,3,Right_Golongan 3,MT-2,2,4,0.0
Right,3,Right_Golongan 3,MT-2,2,5,0.0
Right,3,Right_Golongan 3,MT-2,2,6,0.0
Right,3,Right_Golongan 3,MT-2,3,1,0.0
Right,3,Right_Golongan 3,MT-2,3,2,0.0
Right,3,Right_Golongan 3,MT-2,3,3,0.0
Right,3,Right_Golongan 3,MT-2,3,4,0.0
Right,3,Right_Golongan 3,MT-2,3,5,0.0
Right,3,Right_Golongan 3,MT-2,3,6,0.0
Right,3,Right_Golongan 3,MT-2,4,1,0.0
Right,3,Right_Golongan 3,MT-2,4,2,0.0
Right,3,Right_Golongan 3,MT-2,4,3,0.0
Right,3,Right_Golongan 3,MT-2,4,4,0.0
Right,3,Right_Golongan 3,MT-2,4,5,0.0
Right,3,Right_Golongan 3,MT-2,4,6,0.0
Right,3,Right_Golongan 3,MT-2,5,1,0.0
Right,3,Right_Golongan 3,MT-2,5,2,0.0
Right,3,Right_Golongan 3,MT-2,5,3,0.0
Right,3,Right_Golongan 3,MT-2,5,4,0.0
Right,3,Right_Golongan 3,MT-2,5,5,0.0
Right,3,Right_Golongan 3,MT-2,5,6,0.0
Right,3,Right_Golongan 3,MT-2,6,1,0.0
Right,3,Right_Golongan 3,MT-2,6,2,0.0
Right,3,Right_Golongan 3,MT-2,6,3,0.0
Right,3,Right_Golongan 3,MT-2,6,4,0.4363988128985729
Right,3,Right_Golongan 3,MT-2,6,5,0.9054003455123795
Right,3,Right_Golongan 3,MT-2,6,6,1.3890026507336792
Right,3,Right_Golongan 3,MT-2,7,1,1.6617951619223208
Right,3,Right_Golongan 3,MT-2,7,2,1.516295382412796
Right,3,Right_Golongan 3,MT-2,7,3,1.356376043184319
Right,3,Right_Golongan 3,MT-2,7,4,0.9747685185185186
Right,3,Right_Golongan 3,MT-2,7,5,0.9645833333333333
Right,3,Right_Golongan 3,MT-2,7,6,1.0244212962962962
Right,3,Right_Golongan 3,MT-2,8,1,1.0993441358024694
Right,3,Right_Golongan 3,MT-2,8,2,1.034645061728395
Right,3,Right_Golongan 3,MT-2,8,3,1.0105324074074076
Right,3,Right_Golongan 3,MT-2,8,4,1.040914351851852
Right,3,Right_Golongan 3,MT-2,8,5,1.0482060185185185
Right,3,Right_Golongan 3,MT-2,8,6,1.0482060185185185
Right,3,Right_Golongan 3,MT-2,9,1,1.0966628086419754
Right,3,Right_Golongan 3,MT-2,9,2,1.00679012345679
Right,3,Right_Golongan 3,MT-2,9,3,0.9435378086419752
Right,3,Right_Golongan 3,MT-2,9,4,0.6522376543209877
Right,3,Right_Golongan 3,MT-2,9,5,0.44405864197530864
Right,3,Right_Golongan 3,MT-2,9,6,0.23148148148148148
Right,3,Right_Golongan 3,MT-2,10,1,0.15432098765432098
Right,3,Right_Golongan 3,MT-2,10,2,0.07716049382716049
Right,3,Right_Golongan 3,MT-2,10,3,0.0
Right,3,Right_Golongan 3,MT-2,10,4,0.0
Right,3,Right_Golongan 3,MT-2,10,5,0.0
Right,3,Right_Golongan 3,MT-2,10,6,0.0
Left,1,Left_Golongan 1,MT-3,11,1,0.553888888888889
Left,1,Left_Golongan 1,MT-3,11,2,0.47501157407407407
Left,1,Left_Golongan 1,MT-3,11,3,0.48787422839506167
Left,1,Left_Golongan 1,MT-3,11,4,0.266141975308642
Left,1,Left_Golongan 1,MT-3,11,5,0.0
Left,1,Left_Golongan 1,MT-3,11,6,0.0
Left,1,Left_Golongan 1,MT-3,12,1,0.0
Left,1,Left_Golongan 1,MT-3,12,2,0.0
Left,1,Left_Golongan 1,MT-3,12,3,0.0
Left,1,Left_Golongan 1,MT-3,12,4,0.0
Left,1,Left_Golongan 1,MT-3,12,5,0.0
Left,1,Left_Golongan 1,MT-3,12,6,0.0
Left,1,Left_Golongan 1,MT-3,1,1,0.0
Left,1,Left_Golongan 1,MT-3,1,2,0.0
Left,1,Left_Golongan 1,MT-3,1,3,0.0
Left,1,Left_Golongan 1,MT-3,1,4,0.0
Left,1,Left_Golongan 1,MT-3,1,5,0.0
Left,1,Left_Golongan 1,MT-3,1,6,0.0
Left,1,Left_Golongan 1,MT-3,2,1,0.0
Left,1,Left_Golongan 1,MT-3,2,2,0.0
Left,1,Left_Golongan 1,MT-3,2,3,0.0
Left,1,Left_Golongan 1,MT-3,2,4,0.0
Left,1,Left_Golongan 1,MT-3,2,5,0.0
Left,1,Left_Golongan 1,MT-3,2,6,0.0
Left,1,Left_Golongan 1,MT-3,3,1,0.0
Left,1,Left_Golongan 1,MT-3,3,2,0.0
Left,1,Left_Golongan 1,MT-3,3,3,0.0
Left,1,Left_Golongan 1,MT-3,3,4,0.0
Left,1,Left_Golongan 1,MT-3,3,5,0.0
Left,1,Left_Golongan 1,MT-3,3,6,0.0
Left,1,Left_Golongan 1,MT-3,4,1,0.0
Left,1,Left_Golongan 1,MT-3,4,2,0.0
Left,1,Left_Golongan 1,MT-3,4,3,0.0
Left,1,Left_Golongan 1,MT-3,4,4,0.0
Left,1,Left_Golongan 1,MT-3,4,5,0.0
Left,1,Left_Golongan 1,MT-3,4,6,0.0
Left,1,Left_Golongan 1,MT-3,5,1,0.0
Left,1,Left_Golongan 1,MT-3,5,2,0.0
Left,1,Left_Golongan 1,MT-3,5,3,0.0
Left,1,Left_Golongan 1,MT-3,5,4,0.0
Left,1,Left_Golongan 1,MT-3,5,5,0.0
Left,1,Left_Golongan 1,MT-3,5,6,0.0
Left,1,Left_Golongan 1,MT-3,6,1,0.0
Left,1,Left_Golongan 1,MT-3,6,2,0.0
Left,1,Left_Golongan 1,MT-3,6,3,0.0
Left,1,Left_Golongan 1,MT-3,6,4,0.0
Left,1,Left_Golongan 1,MT-3,6,5,0.0
Left,1,Left_Golongan 1,MT-3,6,6,0.0
Left,1,Left_Golongan 1,MT-3,7,1,0.0
Left,1,Left_Golongan 1,MT-3,7,2,0.0
Left,1,Left_Golongan 1,MT-3,7,3,0.0
Left,1,Left_Golongan 1,MT-3,7,4,0.0
Left,1,Left_Golongan 1,MT-3,7,5,0.0
Left,1,Left_Golongan 1,MT-3,7,6,0.0
Left,1,Left_Golongan 1,MT-3,8,1,0.0
Left,1,Left_Golongan 1,MT-3,8,2,0.0
Left,1,Left_Golongan 1,MT-3,8,3,0.0
Left,1,Left_Golongan 1,MT-3,8,4,0.0
Left,1,Left_Golongan 1,MT-3,8,5,0.0
Left,1,Left_Golongan 1,MT-3,8,6,0.0
Left,1,Left_Golongan 1,MT-3,9,1,0.0
Left,1,Left_Golongan 1,MT-3,9,2,0.1095679012345679
Left,1,Left_Golongan 1,MT-3,9,3,0.22723765432098764
Left,1,Left_Golongan 1,MT-3,9,4,0.33217592592592593
Left,1,Left_Golongan 1,MT-3,9,5,0.355787037037037
Left,1,Left_Golongan 1,MT-3,9,6,0.3623148148148148
Left,1,Left_Golongan 1,MT-3,10,1,0.41313657407407406
Left,1,Left_Golongan 1,MT-3,10,2,0.468125
Left,1,Left_Golongan 1,MT-3,10,3,0.5451890432098765
Left,1,Left_Golongan 1,MT-3,10,4,0.6055555555555556
Left,1,Left_Golongan 1,MT-3,10,5,0.6325
Left,1,Left_Golongan 1,MT-3,10,6,0.5142129629629629
Left,2,Left_Golongan 2,MT-3,11,1,0.4623148148148148
Left,2,Left_Golongan 2,MT-3,11,2,0.39644675925925926
Left,2,Left_Golongan 2,MT-3,11,3,0.4766898148148147
Left,2,Left_Golongan 2,MT-3,11,4,0.4292592592592593
Left,2,Left_Golongan 2,MT-3,11,5,0.34501157407407407
Left,2,Left_Golongan 2,MT-3,11,6,0.0
Left,2,Left_Golongan 2,MT-3,12,1,0.0
Left,2,Left_Golongan 2,MT-3,12,2,0.0
Left,2,Left_Golongan 2,MT-3,12,3,0.0
Left,2,Left_Golongan 2,MT-3,12,4,0.0
Left,2,Left_Golongan 2,MT-3,12,5,0.0
Left,2,Left_Golongan 2,MT-3,12,6,0.0
Left,2,Left_Golongan 2,MT-3,1,1,0.0
Left,2,Left_Golongan 2,MT-3,1,2,0.0
Left,2,Left_Golongan 2,MT-3,1,3,0.0
Left,2,Left_Golongan 2,MT-3,1,4,0.0
Left,2,Left_Golongan 2,MT-3,1,5,0.0
Left,2,Left_Golongan 2,MT-3,1,6,0.0
Left,2,Left_Golongan 2,MT-3,2,1,0.0
Left,2,Left_Golongan 2,MT-3,2,2,0.0
Left,2,Left_Golongan 2,MT-3,2,3,0.0
Left,2,Left_Golongan 2,MT-3,2,4,0.0
Left,2,Left_Golongan 2,MT-3,2,5,0.0
Left,2,Left_Golongan 2,MT-3,2,6,0.0
Left,2,Left_Golongan 2,MT-3,3,1,0.0
Left,2,Left_Golongan 2,MT-3,3,2,0.0
Left,2,Left_Golongan 2,MT-3,3,3,0.0
Left,2,Left_Golongan 2,MT-3,3,4,0.0
Left,2,Left_Golongan 2,MT-3,3,5,0.0
Left,2,Left_Golongan 2,MT-3,3,6,0.0
Left,2,Left_Golongan 2,MT-3,4,1,0.0
Left,2,Left_Golongan 2,MT-3,4,2,0.0
Left,2,Left_Golongan 2,MT-3,4,3,0.0
Left,2,Left_Golongan 2,MT-3,4,4,0.0
Left,2,Left_Golongan 2,MT-3,4,5,0.0
Left,2,Left_Golongan 2,MT-3,4,6,0.0
Left,2,Left_Golongan 2,MT-3,5,1,0.0
Left,2,Left_Golongan 2,MT-3,5,2,0.0
Left,2,Left_Golongan 2,MT-3,5,3,0.0
Left,2,Left_Golongan 2,MT-3,5,4,0.0
Left,2,Left_Golongan 2,MT-3,5,5,0.0
Left,2,Left_Golongan 2,MT-3,5,6,0.0
Left,2,Left_Golongan 2,MT-3,6,1,0.0
Left,2,Left_Golongan 2,MT-3,6,2,0.0
Left,2,Left_Golongan 2,MT-3,6,3,0.0
Left,2,Left_Golongan 2,MT-3,6,4,0.0
Left,2,Left_Golongan 2,MT-3,6,5,0.0
Left,2,Left_Golongan 2,MT-3,6,6,0.0
Left,2,Left_Golongan 2,MT-3,7,1,0.0
Left,2,Left_Golongan 2,MT-3,7,2,0.0
Left,2,Left_Golongan 2,MT-3,7,3,0.0
Left,2,Left_Golongan 2,MT-3,7,4,0.0
Left,2,Left_Golongan 2,MT-3,7,5,0.0
Left,2,Left_Golongan 2,MT-3,7,6,0.0
Left,2,Left_Golongan 2,MT-3,8,1,0.0
Left,2,Left_Golongan 2,MT-3,8,2,0.0
Left,2,Left_Golongan 2,MT-3,8,3,0.0
Left,2,Left_Golongan 2,MT-3,8,4,0.0
Left,2,Left_Golongan 2,MT-3,8,5,0.0
Left,2,Left_Golongan 2,MT-3,8,6,0.0
Left,2,Left_Golongan 2,MT-3,9,1,0.0
Left,2,Left_Golongan 2,MT-3,9,2,0.0
Left,2,Left_Golongan 2,MT-3,9,3,0.0
Left,2,Left_Golongan 2,MT-3,9,4,0.0
Left,2,Left_Golongan 2,MT-3,9,5,0.11188271604938271
Left,2,Left_Golongan 2,MT-3,9,6,0.21566358024691357
Left,2,Left_Golongan 2,MT-3,10,1,0.35011574074074076
Left,2,Left_Golongan 2,MT-3,10,2,0.34781249999999997
Left,2,Left_Golongan 2,MT-3,10,3,0.3649074074074074
Left,2,Left_Golongan 2,MT-3,10,4,0.3721643518518519
Left,2,Left_Golongan 2,MT-3,10,5,0.45574074074074067
Left,2,Left_Golongan 2,MT-3,10,6,0.4167206790123456
Left,3,Left_Golongan 3,MT-3,11,1,0.0
Left,3,Left_Golongan 3,MT-3,11,2,0.0
Left,3,Left_Golongan 3,MT-3,11,3,0.0
Left,3,Left_Golongan 3,MT-3,11,4,0.0
Left,3,Left_Golongan 3,MT-3,11,5,0.0
Left,3,Left_Golongan 3,MT-3,11,6,0.0
Left,3,Left_Golongan 3,MT-3,12,1,0.0
Left,3,Left_Golongan 3,MT-3,12,2,0.0
Left,3,Left_Golongan 3,MT-3,12,3,0.0
Left,3,Left_Golongan 3,MT-3,12,4,0.0
Left,3,Left_Golongan 3,MT-3,12,5,0.0
Left,3,Left_Golongan 3,MT-3,12,6,0.0
Left,3,Left_Golongan 3,MT-3,1,1,0.0
Left,3,Left_Golongan 3,MT-3,1,2,0.0
Left,3,Left_Golongan 3,MT-3,1,3,0.0
Left,3,Left_Golongan 3,MT-3,1,4,0.0
Left,3,Left_Golongan 3,MT-3,1,5,0.0
Left,3,Left_Golongan 3,MT-3,1,6,0.0
Left,3,Left_Golongan 3,MT-3,2,1,0.0
Left,3,Left_Golongan 3,MT-3,2,2,0.0
Left,3,Left_Golongan 3,MT-3,2,3,0.0
Left,3,Left_Golongan 3,MT-3,2,4,0.0
Left,3,Left_Golongan 3,MT-3,2,5,0.0
Left,3,Left_Golongan 3,MT-3,2,6,0.0
Left,3,Left_Golongan 3,MT-3,3,1,0.0
Left,3,Left_Golongan 3,MT-3,3,2,0.0
Left,3,Left_Golongan 3,MT-3,3,3,0.0
Left,3,Left_Golongan 3,MT-3,3,4,0.0
Left,3,Left_Golongan 3,MT-3,3,5,0.0
Left,3,Left_Golongan 3,MT-3,3,6,0.0
Left,3,Left_Golongan 3,MT-3,4,1,0.0
Left,3,Left_Golongan 3,MT-3,4,2,0.0
Left,3,Left_Golongan 3,MT-3,4,3,0.0
Left,3,Left_Golongan 3,MT-3,4,4,0.0
Left,3,Left_Golongan 3,MT-3,4,5,0.0
Left,3,Left_Golongan 3,MT-3,4,6,0.0
Left,3,Left_Golongan 3,MT-3,5,1,0.0
Left,3,Left_Golongan 3,MT-3,5,2,0.0
Left,3,Left_Golongan 3,MT-3,5,3,0.0
Left,3,Left_Golongan 3,MT-3,5,4,0.0
Left,3,Left_Golongan 3,MT-3,5,5,0.0
Left,3,Left_Golongan 3,MT-3,5,6,0.0
Left,3,Left_Golongan 3,MT-3,6,1,0.0
Left,3,Left_Golongan 3,MT-3,6,2,0.0
Left,3,Left_Golongan 3,MT-3,6,3,0.0
Left,3,Left_Golongan 3,MT-3,6,4,0.0
Left,3,Left_Golongan 3,MT-3,6,5,0.0
Left,3,Left_Golongan 3,MT-3,6,6,0.0
Left,3,Left_Golongan 3,MT-3,7,1,0.0
Left,3,Left_Golongan 3,MT-3,7,2,0.0
Left,3,Left_Golongan 3,MT-3,7,3,0.0
Left,3,Left_Golongan 3,MT-3,7,4,0.0
Left,3,Left_Golongan 3,MT-3,7,5,0.0
Left,3,Left_Golongan 3,MT-3,7,6,0.0
Left,3,Left_Golongan 3,MT-3,8,1,0.0
Left,3,Left_Golongan 3,MT-3,8,2,0.0
Left,3,Left_Golongan 3,MT-3,8,3,0.0
Left,3,Left_Golongan 3,MT-3,8,4,0.0
Left,3,Left_Golongan 3,MT-3,8,5,0.0
Left,3,Left_Golongan 3,MT-3,8,6,0.0
Left,3,Left_Golongan 3,MT-3,9,1,0.0
Left,3,Left_Golongan 3,MT-3,9,2,0.0
Left,3,Left_Golongan 3,MT-3,9,3,0.0
Left,3,Left_Golongan 3,MT-3,9,4,0.0
Left,3,Left_Golongan 3,MT-3,9,5,0.0
Left,3,Left_Golongan 3,MT-3,9,6,0.0
Left,3,Left_Golongan 3,MT-3,10,1,0.0
Left,3,Left_Golongan 3,MT-3,10,2,0.0
Left,3,Left_Golongan 3,MT-3,10,3,0.0
Left,3,Left_Golongan 3,MT-3,10,4,0.0
Left,3,Left_Golongan 3,MT-3,10,5,0.0
Left,3,Left_Golongan 3,MT-3,10,6,0.0
Right,1,Right_Golongan 1,MT-3,11,1,0.565462962962963
Right,1,Right_Golongan 1,MT-3,11,2,0.44028935185185186
Right,1,Right_Golongan 1,MT-3,11,3,0.4415779320987654
Right,1,Right_Golongan 1,MT-3,11,4,0.266141975308642
Right,1,Right_Golongan 1,MT-3,11,5,0.0
Right,1,Right_Golongan 1,MT-3,11,6,0.0
Right,1,Right_Golongan 1,MT-3,12,1,0.0
Right,1,Right_Golongan 1,MT-3,12,2,0.0
Right,1,Right_Golongan 1,MT-3,12,3,0.0
Right,1,Right_Golongan 1,MT-3,12,4,0.0
Right,1,Right_Golongan 1,MT-3,12,5,0.0
Right,1,Right_Golongan 1,MT-3,12,6,0.0
Right,1,Right_Golongan 1,MT-3,1,1,0.0
Right,1,Right_Golongan 1,MT-3,1,2,0.0
Right,1,Right_Golongan 1,MT-3,1,3,0.0
Right,1,Right_Golongan 1,MT-3,1,4,0.0
Right,1,Right_Golongan 1,MT-3,1,5,0.0
Right,1,Right_Golongan 1,MT-3,1,6,0.0
Right,1,Right_Golongan 1,MT-3,2,1,0.0
Right,1,Right_Golongan 1,MT-3,2,2,0.0
Right,1,Right_Golongan 1,MT-3,2,3,0.0
Right,1,Right_Golongan 1,MT-3,2,4,0.0
Right,1,Right_Golongan 1,MT-3,2,5,0.0
Right,1,Right_Golongan 1,MT-3,2,6,0.0
Right,1,Right_Golongan 1,MT-3,3,1,0.0
Right,1,Right_Golongan 1,MT-3,3,2,0.0
Right,1,Right_Golongan 1,MT-3,3,3,0.0
Right,1,Right_Golongan 1,MT-3,3,4,0.0
Right,1,Right_Golongan 1,MT-3,3,5,0.0
Right,1,Right_Golongan 1,MT-3,3,6,0.0
Right,1,Right_Golongan 1,MT-3,4,1,0.0
Right,1,Right_Golongan 1,MT-3,4,2,0.0
Right,1,Right_Golongan 1,MT-3,4,3,0.0
Right,1,Right_Golongan 1,MT-3,4,4,0.0
Right,1,Right_Golongan 1,MT-3,4,5,0.0
Right,1,Right_Golongan 1,MT-3,4,6,0.0
Right,1,Right_Golongan 1,MT-3,5,1,0.0
Right,1,Right_Golongan 1,MT-3,5,2,0.0
Right,1,Right_Golongan 1,MT-3,5,3,0.0
Right,1,Right_Golongan 1,MT-3,5,4,0.0
Right,1,Right_Golongan 1,MT-3,5,5,0.0
Right,1,Right_Golongan 1,MT-3,5,6,0.0
Right,1,Right_Golongan 1,MT-3,6,1,0.0
Right,1,Right_Golongan 1,MT-3,6,2,0.0
Right,1,Right_Golongan 1,MT-3,6,3,0.0
Right,1,Right_Golongan 1,MT-3,6,4,0.0
Right,1,Right_Golongan 1,MT-3,6,5,0.0
Right,1,Right_Golongan 1,MT-3,6,6,0.0
Right,1,Right_Golongan 1,MT-3,7,1,0.0
Right,1,Right_Golongan 1,MT-3,7,2,0.0
Right,1,Right_Golongan 1,MT-3,7,3,0.0
Right,1,Right_Golongan 1,MT-3,7,4,0.0
Right,1,Right_Golongan 1,MT-3,7,5,0.0
Right,1,Right_Golongan 1,MT-3,7,6,0.0
Right,1,Right_Golongan 1,MT-3,8,1,0.0
Right,1,Right_Golongan 1,MT-3,8,2,0.0
Right,1,Right_Golongan 1,MT-3,8,3,0.0
Right,1,Right_Golongan 1,MT-3,8,4,0.0
Right,1,Right_Golongan 1,MT-3,8,5,0.0
Right,1,Right_Golongan 1,MT-3,8,6,0.0
Right,1,Right_Golongan 1,MT-3,9,1,0.0
Right,1,Right_Golongan 1,MT-3,9,2,0.1095679012345679
Right,1,Right_Golongan 1,MT-3,9,3,0.22723765432098764
Right,1,Right_Golongan 1,MT-3,9,4,0.33217592592592593
Right,1,Right_Golongan 1,MT-3,9,5,0.355787037037037
Right,1,Right_Golongan 1,MT-3,9,6,0.3623148148148148
Right,1,Right_Golongan 1,MT-3,10,1,0.41313657407407406
Right,1,Right_Golongan 1,MT-3,10,2,0.468125
Right,1,Right_Golongan 1,MT-3,10,3,0.5451890432098765
Right,1,Right_Golongan 1,MT-3,10,4,0.6055555555555556
Right,1,Right_Golongan 1,MT-3,10,5,0.6325
Right,1,Right_Golongan 1,MT-3,10,6,0.5605092592592592
Right,2,Right_Golongan 2,MT-3,11,1,0.5317592592592593
Right,2,Right_Golongan 2,MT-3,11,2,0.41959490740740746
Right,2,Right_Golongan 2,MT-3,11,3,0.4766898148148147
Right,2,Right_Golongan 2,MT-3,11,4,0.49870370370370376
Right,2,Right_Golongan 2,MT-3,11,5,0.10195601851851857
Right,2,Right_Golongan 2,MT-3,11,6,0.0
Right,2,Right_Golongan 2,MT-3,12,1,0.0
Right,2,Right_Golongan 2,MT-3,12,2,0.0
Right,2,Right_Golongan 2,MT-3,12,3,0.0
Right,2,Right_Golongan 2,MT-3,12,4,0.0
Right,2,Right_Golongan 2,MT-3,12,5,0.0
Right,2,Right_Golongan 2,MT-3,12,6,0.0
Right,2,Right_Golongan 2,MT-3,1,1,0.0
Right,2,Right_Golongan 2,MT-3,1,2,0.0
Right,2,Right_Golongan 2,MT-3,1,3,0.0
Right,2,Right_Golongan 2,MT-3,1,4,0.0
Right,2,Right_Golongan 2,MT-3,1,5,0.0
Right,2,Right_Golongan 2,MT-3,1,6,0.0
Right,2,Right_Golongan 2,MT-3,2,1,0.0
Right,2,Right_Golongan 2,MT-3,2,2,0.0
Right,2,Right_Golongan 2,MT-3,2,3,0.0
Right,2,Right_Golongan 2,MT-3,2,4,0.0
Right,2,Right_Golongan 2,MT-3,2,5,0.0
Right,2,Right_Golongan 2,MT-3,2,6,0.0
Right,2,Right_Golongan 2,MT-3,3,1,0.0
Right,2,Right_Golongan 2,MT-3,3,2,0.0
Right,2,Right_Golongan 2,MT-3,3,3,0.0
Right,2,Right_Golongan 2,MT-3,3,4,0.0
Right,2,Right_Golongan 2,MT-3,3,5,0.0
Right,2,Right_Golongan 2,MT-3,3,6,0.0
Right,2,Right_Golongan 2,MT-3,4,1,0.0
Right,2,Right_Golongan 2,MT-3,4,2,0.0
Right,2,Right_Golongan 2,MT-3,4,3,0.0
Right,2,Right_Golongan 2,MT-3,4,4,0.0
Right,2,Right_Golongan 2,MT-3,4,5,0.0
Right,2,Right_Golongan 2,MT-3,4,6,0.0
Right,2,Right_Golongan 2,MT-3,5,1,0.0
Right,2,Right_Golongan 2,MT-3,5,2,0.0
Right,2,Right_Golongan 2,MT-3,5,3,0.0
Right,2,Right_Golongan 2,MT-3,5,4,0.0
Right,2,Right_Golongan 2,MT-3,5,5,0.0
Right,2,Right_Golongan 2,MT-3,5,6,0.0
Right,2,Right_Golongan 2,MT-3,6,1,0.0
Right,2,Right_Golongan 2,MT-3,6,2,0.0
Right,2,Right_Golongan 2,MT-3,6,3,0.0
Right,2,Right_Golongan 2,MT-3,6,4,0.0
Right,2,Right_Golongan 2,MT-3,6,5,0.0
Right,2,Right_Golongan 2,MT-3,6,6,0.0
Right,2,Right_Golongan 2,MT-3,7,1,0.0
Right,2,Right_Golongan 2,MT-3,7,2,0.0
Right,2,Right_Golongan 2,MT-3,7,3,0.0
Right,2,Right_Golongan 2,MT-3,7,4,0.0
Right,2,Right_Golongan 2,MT-3,7,5,0.0
Right,2,Right_Golongan 2,MT-3,7,6,0.0
Right,2,Right_Golongan 2,MT-3,8,1,0.0
Right,2,Right_Golongan 2,MT-3,8,2,0.0
Right,2,Right_Golongan 2,MT-3,8,3,0.0
Right,2,Right_Golongan 2,MT-3,8,4,0.0
Right,2,Right_Golongan 2,MT-3,8,5,0.0
Right,2,Right_Golongan 2,MT-3,8,6,0.0
Right,2,Right_Golongan 2,MT-3,9,1,0.0
Right,2,Right_Golongan 2,MT-3,9,2,0.0
Right,2,Right_Golongan 2,MT-3,9,3,0.0
Right,2,Right_Golongan 2,MT-3,9,4,0.0
Right,2,Right_Golongan 2,MT-3,9,5,0.11188271604938271
Right,2,Right_Golongan 2,MT-3,9,6,0.21566358024691357
Right,2,Right_Golongan 2,MT-3,10,1,0.35011574074074076
Right,2,Right_Golongan 2,MT-3,10,2,0.34781249999999997
Right,2,Right_Golongan 2,MT-3,10,3,0.3649074074074074
Right,2,Right_Golongan 2,MT-3,10,4,0.3721643518518519
Right,2,Right_Golongan 2,MT-3,10,5,0.42101851851851846
Right,2,Right_Golongan 2,MT-3,10,6,0.3819984567901234
Right,3,Right_Golongan 3,MT-3,11,1,0.0
Right,3,Right_Golongan 3,MT-3,11,2,0.0
Right,3,Right_Golongan 3,MT-3,11,3,0.0
Right,3,Right_Golongan 3,MT-3,11,4,0.0
Right,3,Right_Golongan 3,MT-3,11,5,0.0
Right,3,Right_Golongan 3,MT-3,11,6,0.0
Right,3,Right_Golongan 3,MT-3,12,1,0.0
Right,3,Right_Golongan 3,MT-3,12,2,0.0
Right,3,Right_Golongan 3,MT-3,12,3,0.0
Right,3,Right_Golongan 3,MT-3,12,4,0.0
Right,3,Right_Golongan 3,MT-3,12,5,0.0
Right,3,Right_Golongan 3,MT-3,12,6,0.0
Right,3,Right_Golongan 3,MT-3,1,1,0.0
Right,3,Right_Golongan 3,MT-3,1,2,0.0
Right,3,Right_Golongan 3,MT-3,1,3,0.0
Right,3,Right_Golongan 3,MT-3,1,4,0.0
Right,3,Right_Golongan 3,MT-3,1,5,0.0
Right,3,Right_Golongan 3,MT-3,1,6,0.0
Right,3,Right_Golongan 3,MT-3,2,1,0.0
Right,3,Right_Golongan 3,MT-3,2,2,0.0
Right,3,Right_Golongan 3,MT-3,2,3,0.0
Right,3,Right_Golongan 3,MT-3,2,4,0.0
Right,3,Right_Golongan 3,MT-3,2,5,0.0
Right,3,Right_Golongan 3,MT-3,2,6,0.0
Right,3,Right_Golongan 3,MT-3,3,1,0.0
Right,3,Right_Golongan 3,MT-3,3,2,0.0
Right,3,Right_Golongan 3,MT-3,3,3,0.0
Right,3,Right_Golongan 3,MT-3,3,4,0.0
Right,3,Right_Golongan 3,MT-3,3,5,0.0
Right,3,Right_Golongan 3,MT-3,3,6,0.0
Right,3,Right_Golongan 3,MT-3,4,1,0.0
Right,3,Right_Golongan 3,MT-3,4,2,0.0
Right,3,Right_Golongan 3,MT-3,4,3,0.0
Right,3,Right_Golongan 3,MT-3,4,4,0.0
Right,3,Right_Golongan 3,MT-3,4,5,0.0
Right,3,Right_Golongan 3,MT-3,4,6,0.0
Right,3,Right_Golongan 3,MT-3,5,1,0.0
Right,3,Right_Golongan 3,MT-3,5,2,0.0
Right,3,Right_Golongan 3,MT-3,5,3,0.0
Right,3,Right_Golongan 3,MT-3,5,4,0.0
Right,3,Right_Golongan 3,MT-3,5,5,0.0
Right,3,Right_Golongan 3,MT-3,5,6,0.0
Right,3,Right_Golongan 3,MT-3,6,1,0.0
Right,3,Right_Golongan 3,MT-3,6,2,0.0
Right,3,Right_Golongan 3,MT-3,6,3,0.0
Right,3,Right_Golongan 3,MT-3,6,4,0.0
Right,3,Right_Golongan 3,MT-3,6,5,0.0
Right,3,Right_Golongan 3,MT-3,6,6,0.0
Right,3,Right_Golongan 3,MT-3,7,1,0.0
Right,3,Right_Golongan 3,MT-3,7,2,0.0
Right,3,Right_Golongan 3,MT-3,7,3,0.0
Right,3,Right_Golongan 3,MT-3,7,4,0.0
Right,3,Right_Golongan 3,MT-3,7,5,0.0
Right,3,Right_Golongan 3,MT-3,7,6,0.0
Right,3,Right_Golongan 3,MT-3,8,1,0.0
Right,3,Right_Golongan 3,MT-3,8,2,0.0
Right,3,Right_Golongan 3,MT-3,8,3,0.0
Right,3,Right_Golongan 3,MT-3,8,4,0.0
Right,3,Right_Golongan 3,MT-3,8,5,0.0
Right,3,Right_Golongan 3,MT-3,8,6,0.0
Right,3,Right_Golongan 3,MT-3,9,1,0.0
Right,3,Right_Golongan 3,MT-3,9,2,0.0
Right,3,Right_Golongan 3,MT-3,9,3,0.0
Right,3,Right_Golongan 3,MT-3,9,4,0.0
Right,3,Right_Golongan 3,MT-3,9,5,0.0
Right,3,Right_Golongan 3,MT-3,9,6,0.0
Right,3,Right_Golongan 3,MT-3,10,1,0.0
Right,3,Right_Golongan 3,MT-3,10,2,0.0
Right,3,Right_Golongan 3,MT-3,10,3,0.0
Right,3,Right_Golongan 3,MT-3,10,4,0.0
Right,3,Right_Golongan 3,MT-3,10,5,0.0
Right,3,Right_Golongan 3,MT-3,10,6,0.0
